assets/cyberpunk2078/shots/sh_0120_corpoav/t2_014_wa_dress__chic_down.glb
assets/cyberpunk2078/shots/sh_0060__hangout_granade_backpack/sh_0060__hangout_granade_backpack.glb
assets/cyberpunk2078/shots/sh_0000__t2_001_pma_jacket__short_sleeves/sh_0000__t2_001_pma_jacket__short_sleeves_decal.glb
assets/cyberpunk2078/shots/sh_0000__t2_001_pma_jacket__short_sleeves/sh_0000__t2_001_pma_jacket__short_sleeves.glb
assets/cyberpunk2078/shots/sh_0000__t2_001_pma_jacket__short_sleeves/sh_0000__t2_001_pma_jacket__short_sleeves_leds.glb
assets/cyberpunk2078/shots/sh_0480__gearup_weapon_case/sh_0480__gearup_weapon_case_m_mag.glb
assets/cyberpunk2078/shots/sh_0480__gearup_weapon_case/sh_0480__gearup_weapon_case_m_decals.glb
assets/cyberpunk2078/shots/sh_0480__gearup_weapon_case/sh_0480__gearup_weapon_case.glb
assets/cyberpunk2078/shots/sh_0480__gearup_weapon_case/sh_0480__gearup_weapon_case_m_capacitor.glb
assets/cyberpunk2078/shots/sh_0480__gearup_weapon_case/sh_0480__gearup_weapon_case_m_ironsight.glb
assets/cyberpunk2078/shots/sh_0480__gearup_weapon_case/sh_0480__gearup_weapon_case_m_base1.glb
assets/cyberpunk2078/shots/sh_0480__gearup_weapon_case/sh_0480__gearup_weapon_case_m_rcv1.glb
assets/cyberpunk2078/shots/sh_0400__armbladeshop_mantisblade/sh_0400__armbladeshop_mantisblade.glb
assets/cyberpunk2078/shots/sh_0210__glamour/sh_0210__nightlife_hair_3.glb
assets/cyberpunk2078/shots/sh_0210__glamour/sh_0210__nightlife_hair_4.glb
assets/cyberpunk2078/shots/sh_0210__glamour/sh_0210__nightlife_hair_2.glb
assets/cyberpunk2078/shots/sh_0210__glamour/sh_0210__nightlife_hair_1.glb
assets/cyberpunk2078/shots/sh_0210__glamour/sh_0210__glamour.glb
assets/cyberpunk2078/shots/sh_0110__casuanfamily_toygun/sh_0110__casuanfamily_toygun.glb
assets/cyberpunk2078/shots/sh_0110__casuanfamily_toygun/l1_035_mc_shorts__kid.glb
assets/cyberpunk2078/shots/sh_0190__nightlife/sh_0190__nightlife_hairs_1.glb
assets/cyberpunk2078/shots/sh_0190__nightlife/sh_0190__nightlife_hairs_3.glb
assets/cyberpunk2078/shots/sh_0190__nightlife/sh_0190__nightlife_hairs_2.glb
assets/cyberpunk2078/shots/sh_0190__nightlife/sh_0190__nightlife_hairs_4.glb
assets/cyberpunk2078/shots/sh_0195__nightlife/hairs1.glb
assets/cyberpunk2078/shots/sh_0195__nightlife/hairs2.glb
assets/cyberpunk2078/shots/sh_0195__nightlife/sh_0195__nightlife_hairs_1.glb
assets/cyberpunk2078/shots/sh_0195__nightlife/hairs3.glb
assets/cyberpunk2078/shots/sh_0195__nightlife/sh_0195__nightlife_hairs_2.glb
assets/cyberpunk2078/shots/sh_0195__nightlife/hairs4.glb
assets/cyberpunk2078/shots/sh_0195__nightlife/sh_0195__nightlife_hairs_4.glb
assets/cyberpunk2078/shots/sh_0195__nightlife/sh_0195__nightlife_hairs_3.glb
assets/cyberpunk2078/shots/sh_0090__t2_062_wa_dress__layered_leather/sh_0090__t2_062_wa_dress__layered_leather.glb
assets/cyberpunk2078/shots/sh_0000__t2_022_ma_jacket__straps/sh_0000__t2_022_ma_jacket__straps.glb
assets/cyberpunk2078/shots/sh_0070_clothsim/l1_008_mb_shorts__long_boxer.glb
assets/cyberpunk2078/shots/sh_0330__traumateam_defibrillator/sh_0330__traumateam_defibrillator.glb
assets/cyberpunk2078/shots/sh_0290__t2_001_pwa_jacket__short_sleeves/sh_0290__t2_001_pwa_jacket__short_sleeves.glb
assets/cyberpunk2078/quest/q001__corps_female/q001__corps_female_censored.glb
assets/cyberpunk2078/quest/q001__corps_female/q001__corps_female_head.glb
assets/cyberpunk2078/quest/q001__corps_female/q001__corps_female_body_nipple_decal.glb
assets/cyberpunk2078/quest/q001__corps_female/q001__corps_female_head_neck_seam_decal.glb
assets/cyberpunk2078/quest/q001__corps_female/q001__corps_female_body.glb
assets/cyberpunk2078/quest/q001__corps_female/q001__corps_female_hair.glb
assets/cyberpunk2078/quest/q001__corps_female/q001__corps_female_shoes.glb
assets/cyberpunk2078/quest/q001__corps_female/q001__corps_female_shoes_item.glb
assets/cyberpunk2078/quest/q001__corps_female/q001__corps_female_clothing.glb
assets/cyberpunk2078/quest/q001__corps_female/q001__corps_female_insides.glb
assets/cyberpunk2078/quest/q115__painting/q115_painting.glb
assets/cyberpunk2078/quest/q003__spiderbot_collapsed/q003__spiderbot_collapsed_legs.glb
assets/cyberpunk2078/quest/q003__spiderbot_collapsed/q003__spiderbot_body_decals.glb
assets/cyberpunk2078/quest/q003__spiderbot_collapsed/q003__spiderbot_collapsed_eyes.glb
assets/cyberpunk2078/quest/q003__spiderbot_collapsed/q003__spiderbot_legs_decals.glb
assets/cyberpunk2078/quest/q003__spiderbot_collapsed/q003__spiderbot_collapsed_body_glass.glb
assets/cyberpunk2078/quest/q003__spiderbot_collapsed/q003__spiderbot_collapsed_body.glb
assets/cyberpunk2078/quest/q110__misc/q110_cinema_screen.glb
assets/cyberpunk2078/quest/q110__misc/q110_camera_light.glb
assets/cyberpunk2078/quest/q110__misc/q110_go_back_retractable_add_custom_3.glb
assets/cyberpunk2078/quest/q110__misc/q110_netwatch_paper.glb
assets/cyberpunk2078/quest/q110__misc/q110_cyberspace_dots.glb
assets/cyberpunk2078/quest/q110__misc/q110_tv_screen_tv_device.glb
assets/cyberpunk2078/quest/q110__misc/q110_black_box.glb
assets/cyberpunk2078/quest/q110__misc/q110_tv_screen.glb
assets/cyberpunk2078/quest/q110__misc/q110_netwatch_paper_pile.glb
assets/cyberpunk2078/quest/q110__misc/q110_char_creation_mirror.glb
assets/cyberpunk2078/quest/q110__misc/q110_cinema_screen_v2.glb
assets/cyberpunk2078/quest/q108__camera_device/q108__camera_device_a.glb
assets/cyberpunk2078/quest/sq030__doll/sq030__doll.glb
assets/cyberpunk2078/quest/q000__hym_gun_suitcase/q000__gun_suitcase_bottom.glb
assets/cyberpunk2078/quest/q000__hym_gun_suitcase/q000__gun_suitcase_top.glb
assets/cyberpunk2078/quest/q000__hym_gun_suitcase/q000__gun_suitcase_handle.glb
assets/cyberpunk2078/quest/sq025__delamain_core_a/sq025__delamain_core_a_device.glb
assets/cyberpunk2078/quest/sq025__delamain_core_a/sq025__delamain_core_a_blocks_b.glb
assets/cyberpunk2078/quest/sq025__delamain_core_a/sq025__delamain_core_a_blocks_a.glb
assets/cyberpunk2078/quest/sq012__badge/sq012__badge.glb
assets/cyberpunk2078/quest/sq021__aldecaldo_jacket_hanging/sq021__aldecaldo_jacket_hanging.glb
assets/cyberpunk2078/quest/q302__old_phone/q302_old_phone.glb
assets/cyberpunk2078/quest/q302__old_phone/q302__old_phone_base.glb
assets/cyberpunk2078/quest/q000__hym_kirk_sawyer_glasses/q000__hym_kirk_sawyer_glasses.glb
assets/cyberpunk2078/quest/q000__hym_kirk_sawyer_glasses/q000__hym_kirk_sawyer_cables.glb
assets/cyberpunk2078/quest/q203__coffee_machine_d_neokitsch/q203__coffee_machine_d_neokitsch.glb
assets/cyberpunk2078/quest/q202__tunnel_exit/q202__tunnel_exit_plate_r.glb
assets/cyberpunk2078/quest/q202__tunnel_exit/q202__tunnel_exit_plate_l.glb
assets/cyberpunk2078/quest/q201__bag/q201__bag.glb
assets/cyberpunk2078/quest/q003__meatbag/q003__meatbag.physicalscene.glb
assets/cyberpunk2078/quest/q000__w3_easter_magazine/q000__w3_easter_magazine_b.glb
assets/cyberpunk2078/quest/q000__w3_easter_magazine/q000__w3_easter_magazine.glb
assets/cyberpunk2078/quest/q110__chicken_a_body/q110__chicken_a_body.glb
assets/cyberpunk2078/quest/q202__swallow_a/q202__swallow_a_body.glb
assets/cyberpunk2078/quest/q103__vehicle_alarm/q103__vehicle_alarm_d.glb
assets/cyberpunk2078/quest/q104__power_plant_gate/q104__power_plant_gate_c.glb
assets/cyberpunk2078/quest/q104__power_plant_gate/q104__power_plant_gate_d.glb
assets/cyberpunk2078/quest/q104__power_plant_gate/q104__power_plant_gate_top.glb
assets/cyberpunk2078/quest/q104__power_plant_gate/q104__power_plant_gate_b.glb
assets/cyberpunk2078/quest/q104__power_plant_gate/q104__power_plant_gate_down.glb
assets/cyberpunk2078/quest/q104__power_plant_gate/q104__power_plant_gate_a.glb
assets/cyberpunk2078/quest/q003__office_chair_a/q003__office_chair_a.glb
assets/cyberpunk2078/quest/q003_intro__psycho_axe/q003_intro__psycho_axe.glb
assets/cyberpunk2078/quest/q003__ripperdoc_monitor/q003__monitor_arm_ball.glb
assets/cyberpunk2078/quest/q003__ripperdoc_monitor/q003__monitor_arm_hinge.glb
assets/cyberpunk2078/quest/q000__misc/q000_tutorial_stage_03_wall_one_side_mirror.glb
assets/cyberpunk2078/quest/q000__misc/q000_euro_council_logo.glb
assets/cyberpunk2078/quest/q000__misc/q000_window_screen_v2.glb
assets/cyberpunk2078/quest/q000__misc/q000_mirror_crystal_dome.glb
assets/cyberpunk2078/quest/q000__misc/q000_corpo_office_wall_glass.glb
assets/cyberpunk2078/quest/q000__misc/q000_corpo_zurych_euro_space_council.glb
assets/cyberpunk2078/quest/q000__misc/id_card_chip_c_trauma_86x54x2.glb
assets/cyberpunk2078/quest/q000__misc/ncart_metro_card.glb
assets/cyberpunk2078/quest/q000__misc/q000_frosted_glass.glb
assets/cyberpunk2078/quest/q000__misc/q000_frosted_glass_black.glb
assets/cyberpunk2078/quest/q000__misc/q000_miror_plane.glb
assets/cyberpunk2078/quest/q000__misc/q000_mech_exposition_decal.glb
assets/cyberpunk2078/quest/q000__misc/q000_led_lights.glb
assets/cyberpunk2078/quest/q000__misc/q000_call_screen_1.glb
assets/cyberpunk2078/quest/q000__misc/q000_temp_truck_mesh.glb
assets/cyberpunk2078/quest/q000__hym_lootable_consumables_kit/q000__hym_lootable_consumables_kit_handle.glb
assets/cyberpunk2078/quest/q000__money/q000__money.glb
assets/cyberpunk2078/quest/sq032__silverhand_dogtags_riot/sq032__silverhand_dogtags_riot.glb
assets/cyberpunk2078/quest/sq029__ar_goggles/sq029__ar_goggles.glb
assets/cyberpunk2078/quest/sq018__jackie_machete/sq018__jackie_machete.glb
assets/cyberpunk2078/quest/sq021__kojima_baby/sq021__kojima_baby_right_eye.glb
assets/cyberpunk2078/quest/sq021__kojima_baby/sq021__kojima_baby_head.glb
assets/cyberpunk2078/quest/sq021__kojima_baby/sq021__kojima_baby_body.glb
assets/cyberpunk2078/quest/sq021__kojima_baby/sq021__kojima_baby.anims.glb
assets/cyberpunk2078/quest/sq021__kojima_baby/sq021__kojima_baby_tongue.glb
assets/cyberpunk2078/quest/sq021__kojima_baby/sq021__kojima_baby_cord.glb
assets/cyberpunk2078/quest/sq021__kojima_baby/sq021__kojima_baby_left_eye.glb
assets/cyberpunk2078/quest/q204__aviators_a/q204__aviators_a.glb
assets/cyberpunk2078/quest/q003__drug_inhaler/q003__drug_inhaler_04_speed_decals.glb
assets/cyberpunk2078/quest/q003__drug_inhaler/q003__drug_inhaler_03_health.glb
assets/cyberpunk2078/quest/q003__drug_inhaler/q003__drug_inhaler.glb
assets/cyberpunk2078/quest/q003__drug_inhaler/q003__drug_inhaler_04_speed_arasaka_decals.glb
assets/cyberpunk2078/quest/q003__drug_inhaler/q003__drug_inhaler_04_glitter.glb
assets/cyberpunk2078/quest/q003__drug_inhaler/q003__drug_inhaler_03_health_decals.glb
assets/cyberpunk2078/quest/q003__drug_inhaler/q003__drug_inhaler_04_speed.glb
assets/cyberpunk2078/quest/q003__drug_inhaler/q003__drug_inhaler_decals.glb
assets/cyberpunk2078/quest/q003__drug_inhaler/q003__drug_inhaler_02.glb
assets/cyberpunk2078/quest/q003__drug_inhaler/q003__drug_inhaler_05.glb
assets/cyberpunk2078/quest/q003_intro__tablet/q003_intro__tablet.glb
assets/cyberpunk2078/quest/q110__chicken_a_head/q110__chicken_a_head.glb
assets/cyberpunk2078/quest/q003__splinter_case/q003__splinter.glb
assets/cyberpunk2078/quest/q003__splinter_case/q003__splinter_case.glb
assets/cyberpunk2078/quest/q003__splinter_case/q003__splinter_diode.glb
assets/cyberpunk2078/quest/sq025_ad_billboard_mesh_box_delamain/ad_billboard_mesh_box_delamain.glb
assets/cyberpunk2078/quest/sq031__silverhand_samurai/sq031__silverhand_samurai.glb
assets/cyberpunk2078/quest/sq028__painting_a/sq028__painting_a_painting.glb
assets/cyberpunk2078/quest/sq028__painting_a/sq028__painting_a_frame.glb
assets/cyberpunk2078/quest/q003_p2__maelstrom_factory_door_garage/q003b_maelstrom_garage_door_a.glb
assets/cyberpunk2078/quest/q101__soulkilling_device/q101__soulkilling_device.glb
assets/cyberpunk2078/quest/q105__corpse_netrunner/q105__corpse_netrunner_cape.glb
assets/cyberpunk2078/quest/sq012_vote_for_peralez/sq012_vote_for_peralez.glb
assets/cyberpunk2078/quest/sq018__boxing_glove_right/sq018__boxing_glove_right.glb
assets/cyberpunk2078/quest/q110__chicken_newspaper_a/q110__chicken_newspaper_a.glb
assets/cyberpunk2078/quest/q000__magazine/q000__magazine.glb
assets/cyberpunk2078/quest/q110__chicken_a/q110__chicken_a.glb
assets/cyberpunk2078/quest/q204__duffel_bag/q024__duffel_bag.glb
assets/cyberpunk2078/quest/mq007__misc/mq007_skippy_display.glb
assets/cyberpunk2078/quest/q000__nomad_family_patch/q000__nomad_family_patch.glb
assets/cyberpunk2078/quest/q001__fish_tattoo/q001__fish_tattoo.glb
assets/cyberpunk2078/quest/q103__jumper_cables_a/q103__jumper_cables_a.glb
assets/cyberpunk2078/quest/q001__tt_stretchers/q001__tt_stretchers.glb
assets/cyberpunk2078/quest/q003_intro__players_jacket/q003_intro__players_jacket.glb
assets/cyberpunk2078/quest/bullet_chain/bullet_chain__chain.glb
assets/cyberpunk2078/quest/bullet_chain/bullet_chain__pendant.glb
assets/cyberpunk2078/quest/q114__aldecaldo_jacket/q114__aldecaldo_jacket.glb
assets/cyberpunk2078/quest/mq001__scorpion_statue/mq001__scorpion_statue_katana_back.glb
assets/cyberpunk2078/quest/mq001__scorpion_statue/mq001__scorpion_statue_base.glb
assets/cyberpunk2078/quest/mq001__scorpion_statue/mq001__scorpion_statue.glb
assets/cyberpunk2078/quest/mq001__scorpion_statue/mq001__scorpion_statue_katana.glb
assets/cyberpunk2078/quest/q203__space_suit_helmet/q203__space_suit_helmet.glb
assets/cyberpunk2078/quest/q110__netwatch_badge/q110__netwatch_badge.glb
assets/cyberpunk2078/quest/q004__evelyn_purse/q004__evelyn_purse.glb
assets/cyberpunk2078/quest/q001__corps_male/q001__corps_male_head_eyes.glb
assets/cyberpunk2078/quest/q001__corps_male/q001__corps_male_censored.glb
assets/cyberpunk2078/quest/q001__corps_male/q001__corps_male_body.glb
assets/cyberpunk2078/quest/q001__corps_male/q001__corps_male_meat.glb
assets/cyberpunk2078/quest/q001__corps_male/q001__corps_male_head.glb
assets/cyberpunk2078/quest/q001__corps_male/q001__corps_male_aug.glb
assets/cyberpunk2078/quest/q000__vs_bathroom_curtain_sequin/q000__vs_bathroom_curtain_sequin.glb
assets/cyberpunk2078/quest/q101__elevator_cables/q101__elevator_cables_b.glb
assets/cyberpunk2078/quest/q101__elevator_cables/q101__elevator_cables_a.glb
assets/cyberpunk2078/quest/q004__mask_bag/q004__mask_bag.glb
assets/cyberpunk2078/quest/q105__scavanged_female/q105__scavanged_female_cape.glb
assets/cyberpunk2078/quest/q000__loa_papers_a/q000__loa_papers_a.glb
assets/cyberpunk2078/quest/q110__chicken_newspaper_a_folded_b/q110__chicken_newspaper_a_folded_b.glb
assets/cyberpunk2078/quest/mq114__monks_altar/i1_019_ma_neck__altar_floor.glb
assets/cyberpunk2078/quest/mq114__monks_altar/i1_019_ma_neck__altar_wall.glb
assets/cyberpunk2078/quest/sq018__belt_a/sq018__belt_a.glb
assets/cyberpunk2078/quest/q000__nomad_sat_radio/q000__nomad_sat_radio_antenna.glb
assets/cyberpunk2078/quest/q000__nomad_sat_radio/q000__nomad_sat_radio_button.glb
assets/cyberpunk2078/quest/q000__nomad_sat_radio/q000__nomad_sat_radio.glb
assets/cyberpunk2078/quest/q000__nomad_sat_radio/q000__nomad_sat_radio_antenna_root.glb
assets/cyberpunk2078/quest/q000__nomad_sat_radio/q000__nomad_sat_radio_clip.glb
assets/cyberpunk2078/quest/q001__personal_link/q001__personal_link.glb
assets/cyberpunk2078/quest/sq030__lake_crane/sq030_lake_crane.glb
assets/cyberpunk2078/quest/sq030__lake_crane/sq030_lake_crane_lever.glb
assets/cyberpunk2078/quest/q115__rocket/q115__rocket_background.glb
assets/cyberpunk2078/quest/q115__rocket/q115__rocket.glb
assets/cyberpunk2078/quest/q101__bomb/q101__bomb_device.glb
assets/cyberpunk2078/quest/q101__bomb/q101__bomb.glb
assets/cyberpunk2078/quest/q104_rocket/q104__rocket.glb
assets/cyberpunk2078/quest/q110__projector_a_chapel/q110__projector_a_chapel.glb
assets/cyberpunk2078/quest/q110__haitian_book_a/q110__haitian_book_a.glb
assets/cyberpunk2078/quest/q203__crystal_palace_leaflet/q203__crystal_palace_leaflet.glb
assets/cyberpunk2078/quest/sq018__boxing_glove_left/sq018__boxing_glove_left.glb
assets/cyberpunk2078/interactive/accessories/int_accessories_001__duffel_bag/int_accessories_001__duffel_bag.glb
assets/cyberpunk2078/interactive/accessories/int_accessories_001__johnnysguitar/q204_paradize_label.glb
assets/cyberpunk2078/interactive/accessories/int_accessories_001__johnnysguitar/q204_deluze_label.glb
assets/cyberpunk2078/interactive/accessories/int_accessories_001__johnnysguitar/int_accessories_001__johnnysguitar.glb
assets/cyberpunk2078/interactive/accessories/int_accessories_001__johnnysguitar/int_accessories_001__johnnysguitar_strap.glb
assets/cyberpunk2078/interactive/accessories/int_accessories_001__toothbrush/int_accessories_001__toothbrush.glb
assets/cyberpunk2078/interactive/accessories/int_accessories_001__laptop_bag/int_accessories_001__laptop_bag.glb
assets/cyberpunk2078/interactive/accessories/int_accessories_001__samuraiguitar/int_accessories_001__samuraiguitar.glb
assets/cyberpunk2078/interactive/accessories/int_accessories_001__cellphone/int_accessories_001__cellphone.glb
assets/cyberpunk2078/interactive/accessories/int_accessories_001__purse/int_accessories_001__purse.glb
assets/cyberpunk2078/interactive/unique/int_unique_002__q101_mikoshi_access_point_a_cable/int_unique_002__q101_mikoshi_access_point_a_cable.glb
assets/cyberpunk2078/interactive/food/int_food_001__mixed_street_food_c_rice_bun/int_food_001__popcorn.glb
assets/cyberpunk2078/interactive/food/int_food_002__mixed_fast_food_k_takeout/int_food_002__mixed_fast_food_k_takeout.glb
assets/cyberpunk2078/interactive/food/int_food_002__drink_bottle_o_rum/int_food_002__drink_bottle_o_rum.glb
assets/cyberpunk2078/interactive/food/int_food_001__drink_bottle_l_whiskey/int_food_001__drink_bottle_l_whiskey.glb
assets/cyberpunk2078/interactive/food/int_food_002__synthetic_meat_can_a/int_food_002__synthetic_meat_can_a.glb
assets/cyberpunk2078/interactive/food/int_food_002__organic_meal_j_takeout/int_food_002__organic_meal_j_takeout.glb
assets/cyberpunk2078/interactive/garbage/int_garbage_002__trash_packaging_c_bottom/int_garbage_002__trash_packaging_c_top.glb
assets/cyberpunk2078/interactive/garbage/int_garbage_002__trash_packaging_c_bottom/int_garbage_002__trash_packaging_c_bottom.glb
assets/cyberpunk2078/interactive/garbage/int_garbage_002__large_dumpster_b/int_garbage_002__large_dumpster_b.glb
assets/cyberpunk2078/interactive/garbage/int_garbage_002__chute_b/chute_blood_decal_01.glb
assets/cyberpunk2078/interactive/garbage/int_garbage_002__chute_b/chute_blood_decal_02.glb
assets/cyberpunk2078/interactive/garbage/int_garbage_002__chute_b/chute_blood_decal_03_vr.glb
assets/cyberpunk2078/interactive/garbage/int_garbage_002__chute_b/chute_blood_decal_03.glb
assets/cyberpunk2078/interactive/garbage/int_garbage_002__large_dumpster_a_lid_01/int_garbage_002__large_dumpster_a_lid_01.glb
assets/cyberpunk2078/interactive/garbage/int_garbage_002__large_dumpster_c_lid_01/int_garbage_002__large_dumpster_c_lid_01.glb
assets/cyberpunk2078/interactive/garbage/int_garbage_002__garbage_bag_a/int_garbage_002__garbage_bag_a.glb
assets/cyberpunk2078/interactive/vehicles/int_vehicles_002__thorton_galena_mirror/int_vehicles_002__thorton_galena_mirror.glb
assets/cyberpunk2078/interactive/vehicles/int_electronics_002__v_standard2_thorton_galena__ext01_engine_cables/v_standard2_thorton_galena__ext01_engine_cables.glb
assets/cyberpunk2078/interactive/recreation/int_recreation_001__cigarette_i_stick/int_recreation_001__cigarette_i_stick.glb
assets/cyberpunk2078/interactive/recreation/int_recreation_001__ball_b_billiard/int_recreation_001__ball_b_billiard.glb
assets/cyberpunk2078/interactive/recreation/int_recreation_002__gym_equipment_a/navmesh_blocker.w2mesh.glb
assets/cyberpunk2078/interactive/recreation/int_recreation_002__gym_equipment_a/int_recreation_002__gym_equipment_a_chest_press_a.glb
assets/cyberpunk2078/interactive/recreation/int_recreation_002__gym_equipment_a/int_recreation_002__gym_equipment_a_leg_press_a.glb
assets/cyberpunk2078/interactive/recreation/int_recreation_001__cigar/int_recreation_001__cigar.glb
assets/cyberpunk2078/interactive/weapons/w_power_street_rifle_12301_strapped.glb
assets/cyberpunk2078/interactive/electronics/int_electronics_002__game_machine/int_electronics_002__game_machine.glb
assets/cyberpunk2078/interactive/electronics/int_electronics_002__surgical_chair_a_aa_mirrored/int_electronics_002__surgical_chair_a_seat_aa_mirrored.glb
assets/cyberpunk2078/interactive/electronics/int_electronics_001__shard_d/int_electronics_001__shard_d.glb
assets/cyberpunk2078/interactive/electronics/int_electronics_002__router_a/int_electronics_002__router_a.glb
assets/cyberpunk2078/interactive/electronics/int_electronics_002__fuse_box_module_02_a_fuses/int_electronics_002__fuse_box_module_02_a_fuses.glb
assets/cyberpunk2078/interactive/electronics/int_electronics_001__nomad_radio_a/int_electronics_001__nomad_radio_a.glb
assets/cyberpunk2078/interactive/electronics/int_electronics_002__circuit_device/int_electronics_002__circuit_device_b.glb
assets/cyberpunk2078/interactive/electronics/int_electronics_002__circuit_device/int_electronics_002__circuit_device_a.glb
assets/cyberpunk2078/interactive/electronics/int_electronics_002__circuit_device/int_electronics_002__circuit_device.glb
assets/cyberpunk2078/interactive/electronics/int_electronics_002__security_surveillance_camera_d/int_electronics_002__security_surveillance_camera_d.glb
assets/cyberpunk2078/interactive/electronics/int_electronics_002__poor_industrial_electronic_a_speaker_membrane/int_electronics_002__poor_industrial_electronic_a_speaker_membrane.glb
assets/cyberpunk2078/interactive/electronics/int_electronics_002__military_grade_laptop_a/int_electronics_002__military_grade_laptop_a_flap_a.glb
assets/cyberpunk2078/interactive/electronics/int_electronics_002__military_grade_laptop_a/int_electronics_002__military_grade_laptop_a_screen.glb
assets/cyberpunk2078/interactive/electronics/int_electronics_002__water_sprinkler_a/int_electronics_002__water_sprinkler_a.glb
assets/cyberpunk2078/interactive/electronics/int_electronics_002__coffee_machine_b_pot_a/int_electronics_002__coffee_machine_b_pot_a.glb
assets/cyberpunk2078/interactive/electronics/int_electronics_002__wires/parlimentfire_netlink.glb
assets/cyberpunk2078/interactive/electronics/int_electronics_002__wires/mikoshi_access_point_a_cable.glb
assets/cyberpunk2078/interactive/electronics/int_electronics_002__wires/netrunner_connecting_wire_a.glb
assets/cyberpunk2078/interactive/electronics/int_electronics_002__surgical_machine_a/int_electronics_002__surgical_machine_a_decals.glb
assets/cyberpunk2078/interactive/electronics/int_electronics_002__surgical_machine_a/int_electronics_002__surgical_machine_a.glb
assets/cyberpunk2078/interactive/electronics/int_electronics_002__corpo_security_camera_d/int_electronics_002__corpo_security_camera_d__module_vertical_decal_02.glb
assets/cyberpunk2078/interactive/electronics/int_electronics_002__corpo_security_camera_d/int_electronics_002__corpo_security_camera_d__wall_mount_decal_01.glb
assets/cyberpunk2078/interactive/electronics/int_electronics_002__corpo_security_camera_d/int_electronics_002__corpo_security_camera_d__module_decal_02.glb
assets/cyberpunk2078/interactive/electronics/int_electronics_002__corpo_security_camera_d/int_electronics_002__corpo_security_camera_d__wall_mount_vertical_decal_03.glb
assets/cyberpunk2078/interactive/electronics/int_electronics_002__corpo_security_camera_d/int_electronics_002__corpo_security_camera_d__wall_mount_vertical.glb
assets/cyberpunk2078/interactive/electronics/int_electronics_002__corpo_security_camera_d/int_electronics_002__corpo_security_camera_d__module_decal_01.glb
assets/cyberpunk2078/interactive/electronics/int_electronics_002__corpo_security_camera_d/int_electronics_002__corpo_security_camera_d__module_vertical_decal_01.glb
assets/cyberpunk2078/interactive/electronics/int_electronics_002__corpo_security_camera_d/int_electronics_002__corpo_security_camera_d__wall_mount_vertical_decal_01.glb
assets/cyberpunk2078/interactive/electronics/int_electronics_002__corpo_security_camera_d/int_electronics_002__corpo_security_camera_d__wall_mount.glb
assets/cyberpunk2078/interactive/electronics/int_electronics_002__corpo_security_camera_d/int_electronics_002__corpo_security_camera_d__wall_mount_vertical_decal_02.glb
assets/cyberpunk2078/interactive/electronics/int_electronics_002__corpo_security_camera_d/int_electronics_002__corpo_security_camera_d__module_vertical.glb
assets/cyberpunk2078/interactive/electronics/int_electronics_002__corpo_security_camera_d/int_electronics_002__corpo_security_camera_d__module.glb
assets/cyberpunk2078/interactive/electronics/int_electronics_002__corpo_security_camera_d/int_electronics_002__corpo_security_camera_d__wall_mount_decal_02.glb
assets/cyberpunk2078/interactive/electronics/int_electronics_002__surgical_chair_a_aa/int_electronics_002__surgical_chair_a_seat_aa.glb
assets/cyberpunk2078/interactive/electronics/int_electronics_002__diagnostic_device_a/int_electronics_002__diagnostic_device_a_screen.glb
assets/cyberpunk2078/interactive/electronics/int_electronics_002__diagnostic_device_a/int_electronics_002__diagnostic_device_a.glb
assets/cyberpunk2078/interactive/electronics/int_electronics_002__braindance_rec_case_a_open/int_electronics_002__braindance_rec_case_a_open.glb
assets/cyberpunk2078/interactive/electronics/int_electronics_002__electric_box_entropy_a/int_electronics_002__electric_box_entropy_a_interior.glb
assets/cyberpunk2078/interactive/electronics/int_electronics_002__electric_box_entropy_a/int_electronics_002__electric_box_entropy_a_cables.glb
assets/cyberpunk2078/interactive/electronics/int_electronics_002__rc_controller_a/int_electronics_002__rc_controller_a.glb
assets/cyberpunk2078/interactive/electronics/int_electronics_002__vending_machine_n_door/int_electronics_002__vending_machine_n_door.glb
assets/cyberpunk2078/interactive/electronics/int_electronics_002__poor_industrial_electronic_b_speaker_membrane/int_electronics_002__poor_industrial_electronic_b_speaker_membrane.glb
assets/cyberpunk2078/interactive/electronics/int_electronics_002__surgical_chair_b_aa/int_electronics_002__surgical_chair_b_base_aa.glb
assets/cyberpunk2078/interactive/electronics/int_electronics_002__surgical_chair_b_aa/int_electronics_002__surgical_chair_b_seat_aa.glb
assets/cyberpunk2078/interactive/electronics/int_electronics_002__security_surveillance_camera_c/int_electronics_002__security_surveillance_c_camera_c.glb
assets/cyberpunk2078/interactive/electronics/int_electronics_002__cable_medical_high_power_c/int_electronics_002__cable_medical_high_power_c.glb
assets/cyberpunk2078/interactive/medical/int_medical_002__anaesthetic_gun/int_medical_002__anaesthetic_gun_receiver.glb
assets/cyberpunk2078/interactive/medical/int_medical_002__anaesthetic_gun/int_medical_002__anaesthetic_gun_mag.glb
assets/cyberpunk2078/interactive/medical/int_medical_002__anaesthetic_gun/int_medical_002__anaesthetic_gun_barrel.glb
assets/cyberpunk2078/interactive/medical/int_medical_001__pill_container_a/int_medical_001__pill_container_a.glb
assets/cyberpunk2078/interactive/medical/int_medical_002__wheelchair/int_medical_002__wheelchair.glb
assets/cyberpunk2078/interactive/medical/int_medical_001__scalpel/int_medical_001__scalpel.glb
assets/cyberpunk2078/interactive/medical/int_medical_002__kiroshieye/int_medical_002__kiroshieye_01.glb
assets/cyberpunk2078/interactive/medical/int_medical_002__kiroshieye/int_medical_002__kiroshieye_02.glb
assets/cyberpunk2078/interactive/medical/int_medical_002__trauma_pack/int_medical_002__trauma_pack_interior.glb
assets/cyberpunk2078/interactive/medical/int_medical_002__trauma_pack/int_medical_002__trauma_pack.glb
assets/cyberpunk2078/interactive/medical/int_medical_002__trauma_pack/int_medical_002__trauma_pack_dec_sticker.glb
assets/cyberpunk2078/interactive/medical/int_medical_002__cyberware_container/int_medical_002__cyberware_container_02.glb
assets/cyberpunk2078/interactive/medical/int_medical_002__cyberware_container/int_medical_002__cyberware_container_01.glb
assets/cyberpunk2078/interactive/medical/int_medical_002__infusion_bag/int_medical_002__infusion_bag.glb
assets/cyberpunk2078/interactive/medical/int_medical_002__scissors/int_medical_002__scissors.glb
assets/cyberpunk2078/interactive/medical/int_medical_001__bandages/int_medical_001__bandages.glb
assets/cyberpunk2078/interactive/medical/int_medical_002__defibrillator/int_medical_002__defibrillator.glb
assets/cyberpunk2078/interactive/medical/int_medical_002__defibrillator/int_medical_002__defibrillator_02.glb
assets/cyberpunk2078/interactive/medical/int_medical_001__disinfectant_spray/int_medical_001__disinfectant_spray.glb
assets/cyberpunk2078/interactive/medical/int_medical_001__inhaler_v2/int_medical_001__inhaler_v2.glb
assets/cyberpunk2078/interactive/medical/int_medical_001__medicine_bottle/int_medical_001__medicine_bottle.glb
assets/cyberpunk2078/interactive/medical/int_medical_001__inhaler_v1/int_medical_001__inhaler_v1.glb
assets/cyberpunk2078/interactive/medical/int_medical_002__syringe/int_medical_002__syringe_handle.glb
assets/cyberpunk2078/interactive/medical/int_medical_002__syringe/int_medical_002__syringe_container.glb
assets/cyberpunk2078/interactive/common/int_common_002__generic_ladder_d_sliding/int_common_002__generic_ladder_d_sliding.glb
assets/cyberpunk2078/interactive/screens/int_001__living_room_metal_screen_a/int_001__living_room_metal_screen_a_05.glb
assets/cyberpunk2078/interactive/screens/int_001__living_room_metal_screen_a/int_001__living_room_metal_screen_a_03.glb
assets/cyberpunk2078/interactive/screens/int_001__living_room_metal_screen_a/int_001__living_room_metal_screen_a_00.glb
assets/cyberpunk2078/interactive/screens/int_001__living_room_metal_screen_a/int_001__living_room_metal_screen_a_04.glb
assets/cyberpunk2078/interactive/screens/int_001__living_room_metal_screen_a/int_001__living_room_metal_screen_a_11.glb
assets/cyberpunk2078/interactive/screens/int_001__living_room_metal_screen_a/int_001__living_room_metal_screen_a_07.glb
assets/cyberpunk2078/interactive/screens/int_001__living_room_metal_screen_a/int_001__living_room_metal_screen_a_10.glb
assets/cyberpunk2078/interactive/screens/int_001__living_room_metal_screen_a/int_001__living_room_metal_screen_a_01.glb
assets/cyberpunk2078/interactive/screens/int_001__living_room_metal_screen_a/int_001__living_room_metal_screen_a_06.glb
assets/cyberpunk2078/interactive/screens/int_001__living_room_metal_screen_a/int_001__living_room_metal_screen_a_08.glb
assets/cyberpunk2078/interactive/screens/int_001__living_room_metal_screen_a/int_001__living_room_metal_screen_a_09.glb
assets/cyberpunk2078/interactive/screens/int_001__living_room_metal_screen_a/int_001__living_room_metal_screen_a_02.glb
assets/cyberpunk2078/interactive/screens/int_002__transparent_screen/int_002__transparent_screen_stripes_b.glb
assets/cyberpunk2078/interactive/screens/int_002__transparent_screen/int_002__transparent_screen_closed.glb
assets/cyberpunk2078/interactive/screens/int_002__transparent_screen/int_002__transparent_screen_stripes_d.glb
assets/cyberpunk2078/interactive/screens/int_002__transparent_screen/int_002__transparent_screen_stripes_c.glb
assets/cyberpunk2078/interactive/screens/int_002__transparent_screen/int_002__transparent_screen_stripes_a.glb
assets/cyberpunk2078/interactive/screens/int_002__transparent_screen/int_002__transparent_screen_open.glb
assets/cyberpunk2078/interactive/toys/int_toys_002__broken_arm/int_toys_002__broken_arm.glb
assets/cyberpunk2078/interactive/toys/int_toys_002__toy_cube_samurai_b/int_toys_002__toy_cube_samurai_b.glb
assets/cyberpunk2078/interactive/toys/int_toys_002__toy_cube_colors_a/int_toys_002__toy_cube_colors_a.glb
assets/cyberpunk2078/interactive/toys/int_toys_001__broken_arm/int_toys_001__broken_arm.glb
assets/cyberpunk2078/interactive/tools/int_tools_002__workshop_tool_m_cutter/int_tools_002__workshop_tool_m_cutter.glb
assets/cyberpunk2078/interactive/tools/int_tools_002__workshop_tool_g_pliers/int_tools_002__workshop_tool_g_pliers.glb
assets/cyberpunk2078/interactive/tools/int_tools_002__workshop_tool_k_cutter/int_tools_002__workshop_tool_k_cutter.glb
assets/cyberpunk2078/interactive/tools/int_tools_002__workshop_tool_b_wrench/int_tools_002__workshop_tool_b_wrench.glb
assets/cyberpunk2078/interactive/tools/int_tools_002__workshop_tool_l_cutter/int_tools_002__workshop_tool_l_cutter.glb
assets/cyberpunk2078/interactive/tools/int_tools_002__workshop_tool_q_clamp/int_tools_002__workshop_tool_q_clamp.glb
assets/cyberpunk2078/interactive/tools/int_tools_002__workshop_tool_i_cutter/int_tools_002__workshop_tool_i_cutter.glb
assets/cyberpunk2078/interactive/tools/int_tools_002__workshop_tool_j_cutter/int_tools_002__workshop_tool_j_cutter.glb
assets/cyberpunk2078/interactive/tools/int_tools_002__workshop_tool_h_cutter/int_tools_002__workshop_tool_h_cutter.glb
assets/cyberpunk2078/interactive/tools/int_tools_002__workshop_tool_angle_polisher/int_tools_002__workshop_tool_angle_polisher.glb
assets/cyberpunk2078/interactive/tools/int_tools_002__workshop_tool_s_shears/int_tools_002__workshop_tool_s_shears.glb
assets/cyberpunk2078/interactive/tools/int_tools_002__workshop_tool_welder/int_tools_002__workshop_tool_welder_tongs.glb
assets/cyberpunk2078/interactive/tools/int_tools_002__workshop_tool_welder/int_tools_002__workshop_tool_welder.glb
assets/cyberpunk2078/interactive/tools/int_tools_002__workshop_tool_welder/int_tools_002__workshop_tool_welder_clip.glb
assets/cyberpunk2078/interactive/tools/int_tools_002__workshop_tool_n_saw/int_tools_002__workshop_tool_n_saw.glb
assets/cyberpunk2078/interactive/misc/int_misc_002__chinese_sculpture/chinese_sculpture_small_c.glb
assets/cyberpunk2078/interactive/misc/int_misc_002__bubble_gum_a_chewed/int_misc_002__bubble_gum_a_chewed.glb
assets/cyberpunk2078/interactive/misc/int_misc_002__konpeki_sculpture_ceiling_a/int_misc_002__konpeki_sculpture_ceiling_a.glb
assets/cyberpunk2078/interactive/misc/int_misc_002__keyboard_table_c/int_misc_002__keyboard_table_c.glb
assets/cyberpunk2078/interactive/misc/int_misc_002__spike_strip_a/int_misc_002__spike_strip_a.glb
assets/cyberpunk2078/interactive/misc/int_misc_002__newspaper_e_full_tabloid/int_misc_002__newspaper_e_full_tabloid.glb
assets/cyberpunk2078/interactive/misc/int_misc_002__microphone_a_tall/int_misc_002__microphone_a_arm_tall_a.glb
assets/cyberpunk2078/interactive/misc/int_misc_002__microphone_a_tall/int_misc_002__microphone_a_stand_tall_a.glb
assets/cyberpunk2078/interactive/misc/int_misc_002__newspaper_b_full/int_misc_002__newspaper_b_full.glb
assets/cyberpunk2078/interactive/misc/int_misc_002__newspaper_h_folded_tabloid/int_misc_002__newspaper_h_folded_tabloid.glb
assets/cyberpunk2078/interactive/misc/int_misc_002__tarot_card_stack_a/int_misc_002__tarot_card_stack_a.glb
assets/cyberpunk2078/interactive/misc/int_misc_002__dashi_carp/int_misc_002__dashi_carp_head.glb
assets/cyberpunk2078/interactive/misc/int_misc_002__dashi_carp/int_misc_002__dashi_carp_tail.glb
assets/cyberpunk2078/interactive/misc/int_misc_002__dashi_carp/int_misc_002__dashi_carp_body.glb
assets/cyberpunk2078/interactive/misc/int_misc_002__dashi_carp/int_misc_002__dashi_carp_mouth.glb
assets/cyberpunk2078/interactive/misc/int_misc_002__handcuffs_b/int_misc_002__handcuffs_b.glb
assets/cyberpunk2078/interactive/misc/int_misc_002__handcuffs_a/int_misc_002__handcuffs_a.glb
assets/cyberpunk2078/interactive/misc/int_misc_002__public_train_a/int_misc_002__public_train_a_front_joint.glb
assets/cyberpunk2078/interactive/misc/int_misc_002__public_train_a/int_misc_002__public_train_a_front.glb
assets/cyberpunk2078/interactive/misc/int_misc_002__public_train_a/int_misc_002__public_train_a.glb
assets/cyberpunk2078/interactive/misc/int_misc_002__public_train_a/int_misc_002__public_train_joint_a.glb
assets/cyberpunk2078/interactive/misc/int_misc_002__guitar_strap_a/int_misc_002__guitar_strap_a.glb
assets/cyberpunk2078/interactive/misc/int_misc_002__spike_strip_b/int_misc_002__spike_strip_b.glb
assets/cyberpunk2078/interactive/misc/int_misc_002__newspaper_g_folded_tabloid/int_misc_002__newspaper_g_folded_tabloid.glb
assets/cyberpunk2078/interactive/misc/int_misc_001__usb_finger/int_misc_001__usb_finger__finger_hand.glb
assets/cyberpunk2078/interactive/misc/int_misc_001__usb_finger/int_misc_001__usb_finger.glb
assets/cyberpunk2078/interactive/misc/int_misc_001__usb_finger/int_misc_001__usb_finger_stick.glb
assets/cyberpunk2078/interactive/misc/int_misc_002__dashi_dragon_middle_a/int_misc_002__dashi_dragon_middle_a.glb
assets/cyberpunk2078/interactive/misc/int_misc_002__newspaper_d_folded/int_misc_002__newspaper_d_folded.glb
assets/cyberpunk2078/interactive/misc/int_misc_002__funeral_item_a_necklace_a/int_misc_002__funeral_item_a_necklace_a.glb
assets/cyberpunk2078/interactive/misc/int_misc_002__dashi_carp_holo_sphere/int_misc_002__dashi_carp_holo_sphere.glb
assets/cyberpunk2078/interactive/misc/int_misc_002__drums_a_cymbal_hi_hat_a/int_misc_002__drums_a_cymbal_hi_hat_a.glb
assets/cyberpunk2078/interactive/misc/int_misc_002__bubble_gum_a_baloon/int_misc_002__bubble_gum_a_baloon.glb
assets/cyberpunk2078/interactive/misc/int_misc_002__dashi_phoenix_a/int_misc_002__dashi_phoenix_a.glb
assets/cyberpunk2078/interactive/misc/int_misc_002__drums_a_cymbal_ride_a/int_misc_002__drums_a_cymbal_ride_a.glb
assets/cyberpunk2078/interactive/misc/int_misc_002__newspaper_a_full/int_misc_002__newspaper_a_full.glb
assets/cyberpunk2078/interactive/misc/int_misc_002__bubble_gum_a_popped/int_misc_002__bubble_gum_a_popped.glb
assets/cyberpunk2078/interactive/misc/int_misc_002__newspaper_f_full_tabloid/int_misc_002__newspaper_f_full_tabloid.glb
assets/cyberpunk2078/interactive/misc/int_misc_002__dashi_carp_b/int_misc_002__dashi_carp_b_mouth.glb
assets/cyberpunk2078/interactive/misc/int_misc_002__dashi_carp_b/int_misc_002__dashi_carp_b_body.glb
assets/cyberpunk2078/interactive/misc/int_misc_002__dashi_carp_b/int_misc_002__dashi_carp_b_head.glb
assets/cyberpunk2078/interactive/misc/int_misc_002__dashi_carp_b/int_misc_002__dashi_carp_b_tail.glb
assets/cyberpunk2078/interactive/misc/int_misc_002__keyboard_a/int_misc_002__keyboard_a.glb
assets/cyberpunk2078/interactive/misc/int_misc_002__keyboard_b/int_misc_002__keyboard_b.glb
assets/cyberpunk2078/interactive/misc/int_misc_002__drums_a_cymbal_crash_a/int_misc_002__drums_a_cymbal_crash_a.glb
assets/cyberpunk2078/interactive/misc/_proxyhelper/_src/int_misc_002__spike_strip_b_mproxy.glb
assets/cyberpunk2078/interactive/misc/int_misc_002__newspaper_c_folded/int_misc_002__newspaper_c_folded.glb
assets/cyberpunk2078/interactive/misc/int_misc_002__dashi_dragon_a/int_misc_002__dashi_dragon_a.glb
assets/cyberpunk2078/interactive/misc/int_misc_002__funeral_item_a_necklace_b/int_misc_002__funeral_item_a_necklace_b.glb
assets/cyberpunk2078/interactive/dining_accessories/int_dining_accessories_001__sake_a_bottle/fx/pour_sake_01.glb
assets/cyberpunk2078/interactive/dining_accessories/int_dining_accessories_002__poor_cutlery_g_chopstick/int_dining_accessories_002__poor_cutlery_g_chopstick.glb
assets/cyberpunk2078/interactive/dining_accessories/int_dining_accessories_002__bar_asset_d_ice_pincer/int_dining_accessories_002__bar_asset_d_ice_pincer.glb
assets/cyberpunk2078/interactive/dining_accessories/int_dining_accessories_001__glass_f_whiskey/int_dining_accessories_001__glass_f_whiskey.glb
assets/cyberpunk2078/interactive/dining_accessories/int_dining_accessories_002__bar_asset_c_cloth_rag/int_dining_accessories_002__bar_asset_c_cloth_rag.glb
assets/cyberpunk2078/interactive/dining_accessories/int_dining_accessories_002__bar_asset_f_ice_cube_set/int_dining_accessories_002__bar_asset_f_ice_cube_set.glb
assets/cyberpunk2078/interactive/containers/int_container_001__medicine_bottle_e/int_container_001__medicine_bottle_e.glb
assets/cyberpunk2078/interactive/containers/int_containers_002__suitcase_b/int_containers_002__suitcase_b.glb
assets/cyberpunk2078/interactive/containers/int_containers_001__cardboard_box_01_h/int_containers_001__cardboard_box_01_h.glb
assets/cyberpunk2078/interactive/containers/int_container_001__medicine_bottle_g/int_container_001__medicine_bottle_g.glb
assets/cyberpunk2078/interactive/containers/int_container_003__cargo_freight_c/int_container_003__cargo_freight_c.glb
assets/cyberpunk2078/interactive/containers/int_container_002__cargo_freight_b/int_container_002__cargo_freight_b.glb
assets/cyberpunk2078/interactive/containers/int_containers_001__cardboard_box_01_g/int_containers_001__cardboard_box_01_g.glb
assets/cyberpunk2078/interactive/containers/int_containers_002__suitcase_a/int_containers_002__suitcase_a.glb
assets/cyberpunk2078/interactive/containers/int_container_001__military_case_k/int_container_001__military_case_k.glb
assets/cyberpunk2078/interactive/containers/int_container_002__electronics_bucket_a/int_container_002__electronics_bucket_a.glb
assets/cyberpunk2078/interactive/containers/int_containers_002__postal_box/int_containers_002__postal_box_g.glb
assets/cyberpunk2078/interactive/containers/int_containers_002__bucket_b_cinematic/int_containers_002__bucket_b_cinematic.glb
assets/cyberpunk2078/interactive/windows/int_ent_apartment_a_window_blades_b/int_ent_apartment_a_window_blades_b.glb
assets/cyberpunk2078/interactive/windows/int_window_002__industrial_shutter_b/int_window_002__industrial_shutter_b.glb
assets/cyberpunk2078/interactive/windows/int_window_001__industrial_shutter_a/int_window_001__industrial_shutter_a.glb
assets/cyberpunk2078/interactive/windows/int_ent_apartment_a_window_blades_a/int_ent_apartment_a_window_blades_a.glb
assets/cyberpunk2078/interactive/public_utility/int_public_utility_002__elevator_industrial/int_public_utility_002__elevator_industrial_front.glb
assets/cyberpunk2078/interactive/public_utility/int_public_utility_002__elevator_industrial/int_public_utility_002__elevator_industrial_back.glb
assets/cyberpunk2078/interactive/public_utility/int_public_utility_002__weak_fence_a/int_public_utility_002__weak_fence_a.glb
assets/cyberpunk2078/interactive/public_utility/int_public_utility_002__megabuilding_elevator_a_door_a/int_public_utility_002__megabuilding_elevator_a_door_a.glb
assets/cyberpunk2078/interactive/public_utility/int_public_utility_002__megabuilding_elevator_a_door_a/int_public_utility_002__megabuilding_elevator_a_door_b.glb
assets/cyberpunk2078/interactive/public_utility/int_public_utility_002__megabuilding_elevator_a_door_a/int_public_utility_002__megabuilding_elevator_a_door_c.glb
assets/cyberpunk2078/interactive/public_utility/int_public_utility_002__outdoor_elevator_crane_a/int_public_utility_002__outdoor_elevator_crane_a_top_a.glb
assets/cyberpunk2078/interactive/public_utility/int_public_utility_002__outdoor_elevator_b/int_public_utility_002__outdoor_elevator_b.glb
assets/cyberpunk2078/interactive/public_utility/int_public_utility_002__blockade_mechanical_a/int_public_utility_002__blockade_mechanical_a.glb
assets/cyberpunk2078/interactive/public_utility/int_public_utility_002__outdoor_elevator_a/int_public_utility_002__outdoor_elevator_a.glb
assets/cyberpunk2078/interactive/textiles/int_textiles_002__industrial_curtain_b/int_textiles_002__industrial_curtain_b.glb
assets/cyberpunk2078/interactive/furniture/int_furniture_002__rich_office_chair_b/int_furniture_002__rich_office_chair_b.glb
assets/cyberpunk2078/interactive/furniture/int_furniture_002__bar_counter_03_swing_door/int_furniture_002__bar_counter_03_swing_door.glb
assets/cyberpunk2078/interactive/furniture/int_furniture_002__corpo_office_chair_b/int_furniture_002__corpo_office_chair_b.glb
assets/cyberpunk2078/interactive/furniture/int_furniture_002__corpo_office_chair_a/int_furniture_002__corpo_office_chair_a.glb
assets/cyberpunk2078/interactive/furniture/int_furniture_002__lab_bed_b/int_furniture_002__lab_bed_b.glb
assets/cyberpunk2078/interactive/furniture/int_furniture_002__bar_lounge_chair_c/int_furniture_002__bar_lounge_chair_c.glb
assets/cyberpunk2078/interactive/furniture/int_furniture_002__bar_lounge_chair_c/int_furniture_002__bar_lounge_chair_c_base.glb
assets/cyberpunk2078/interactive/furniture/int_furniture_002__bar_lounge_chair_d/int_furniture_002__bar_lounge_chair_d_base.glb
assets/cyberpunk2078/interactive/furniture/int_furniture_002__bar_lounge_chair_d/int_furniture_002__bar_lounge_chair_d.glb
assets/cyberpunk2078/interactive/furniture/int_furniture_002__rich_office_chair_a/int_furniture_002__rich_office_chair_a.glb
assets/cyberpunk2078/interactive/furniture/int_furniture_002__poor_office_chair_d/int_furniture_002__poor_office_chair_d.glb
assets/cyberpunk2078/interactive/furniture/int_furniture_002__netrunner_chair_voodoo_a/int_furniture_002__netrunner_chair_voodoo_a_handcuffs.glb
assets/cyberpunk2078/interactive/furniture/int_furniture_002__netrunner_chair_voodoo_a/int_furniture_002__netrunner_chair_voodoo_a_attachment_b.glb
assets/cyberpunk2078/interactive/furniture/int_furniture_002__netrunner_chair_voodoo_a/int_furniture_002__netrunner_chair_voodoo_a.glb
assets/cyberpunk2078/interactive/furniture/int_furniture_002__netrunner_chair_voodoo_a/int_furniture_002__netrunner_chair_voodoo_a_attachment_a.glb
assets/cyberpunk2078/interactive/furniture/int_furniture_002__netrunner_chair_voodoo_a/int_furniture_002__netrunner_chair_voodoo_a_attachment_f.glb
assets/cyberpunk2078/interactive/furniture/int_furniture_002__netrunner_chair_voodoo_a/int_furniture_002__netrunner_chair_voodoo_a_base_a.glb
assets/cyberpunk2078/interactive/furniture/int_furniture_002__poor_office_stool_b/int_furniture_002__poor_office_stool_b.glb
assets/cyberpunk2078/interactive/furniture/int_furniture_002__onsen_locker_a/int_furniture_002__onsen_locker_a.glb
assets/cyberpunk2078/interactive/furniture/int_furniture_002__poor_office_chair_a/int_furniture_002__poor_office_chair_a.glb
assets/cyberpunk2078/interactive/furniture/int_furniture_002__poor_office_chair_c/int_furniture_002__poor_office_chair_c.glb
assets/cyberpunk2078/interactive/industrial/int_industrial_002__robotic_arm_delamain/int_industrial_002__robotic_arm_head_aa_delamain.glb
assets/cyberpunk2078/interactive/industrial/int_industrial_002__robotic_arm_delamain/int_industrial_002__robotic_arm_arm_ab_delamain.glb
assets/cyberpunk2078/interactive/industrial/int_industrial_002__cattle_feeder/int_industrial_002__cattle_feeder_a_hose_a.glb
assets/cyberpunk2078/interactive/industrial/int_industrial_002__cattle_feeder/int_industrial_002__cattle_feeder_a_pipes_a.glb
assets/cyberpunk2078/interactive/industrial/int_industrial_002__meat_machine_a/int_industrial_002__meat_machine_a_cart_a.glb
assets/cyberpunk2078/interactive/industrial/int_industrial_002__trolley_cart/int_industrial_002__trolley_cart.glb
assets/cyberpunk2078/interactive/industrial/int_industrial_002__receiver_a/nt_industrial_002__receiver_a_lift_mech_b.glb
assets/cyberpunk2078/interactive/industrial/int_industrial_002__receiver_a/nt_industrial_002__receiver_a_lift_base.glb
assets/cyberpunk2078/interactive/industrial/int_industrial_002__receiver_a/nt_industrial_002__receiver_a_lift_mech_a.glb
assets/cyberpunk2078/interactive/industrial/int_industrial_002__crematorium_furnace_a/int_industrial_002__crematorium_furnace_a_table_a.glb
assets/cyberpunk2078/interactive/industrial/int_industrial_002__oil_rig_a/int_industrial_002__oil_rig_a_core.glb
assets/cyberpunk2078/interactive/industrial/int_industrial_002__receiver_b/int_industrial_002__receiver_b_lift_base.glb
assets/cyberpunk2078/interactive/industrial/int_industrial_002__receiver_b/int_industrial_002__receiver_b_lift_mech_b.glb
assets/cyberpunk2078/interactive/industrial/int_industrial_002__receiver_b/int_industrial_002__receiver_b_lift_mech_a.glb
assets/cyberpunk2078/interactive/industrial/int_industrial_002__gas_pump_a/int_industrial_002__gas_pump_a_hose_a.glb
assets/cyberpunk2078/interactive/industrial/int_industrial_002__robotic_arm/int_industrial_002__robotic_arm_head_aa.glb
assets/cyberpunk2078/interactive/industrial/int_industrial_002__robotic_arm/int_industrial_002__robotic_arm_arm_ab.glb
assets/cyberpunk2078/interactive/industrial/int_industrial_002__scissors_lift_a/int_industrial_002__scissors_lift_a_segment_ba.glb
assets/cyberpunk2078/interactive/industrial/int_industrial_002__scissors_lift_a/int_industrial_002__scissors_lift_a_piston_end.glb
assets/cyberpunk2078/interactive/industrial/int_industrial_002__scissors_lift_a/int_industrial_002__scissors_lift_a_segment_aa.glb
assets/cyberpunk2078/interactive/industrial/int_industrial_002__scissors_lift_a/int_industrial_002__scissors_lift_a_segment_bb.glb
assets/cyberpunk2078/interactive/industrial/int_industrial_002__scissors_lift_a/int_industrial_002__scissors_lift_a_segment_ab.glb
assets/cyberpunk2078/interactive/industrial/int_industrial_002__scissors_lift_a/int_industrial_002__scissors_lift_a_piston_start.glb
assets/cyberpunk2078/interactive/lighting/int_lighting_002__surgery_lamp_large_b/int_lighting_002__surgery_lamp_large_b_arm_g.glb
assets/cyberpunk2078/interactive/lighting/int_lighting_002__surgery_lamp_large_b/int_lighting_002__surgery_lamp_large_b_arm_g_rot.glb
assets/cyberpunk2078/interactive/lighting/int_lighting_002__spotlight_a/int_lighting_002__spotlight_b_stand.glb
assets/cyberpunk2078/interactive/lighting/int_lighting_002__spotlight_a/int_lighting_002__spotlight_a.glb
assets/cyberpunk2078/interactive/advertising/digital/ground_advertising_stand_b.glb
assets/cyberpunk2078/interactive/advertising/int_advertising_001__fan_signboard_a/int_advertising_001__fan_signboard_a.glb
assets/cyberpunk2078/interactive/advertising/int_advertising_002__cp77_logo/int_advertising_002__cp77_logo_front.glb
assets/cyberpunk2078/interactive/advertising/int_advertising_002__cp77_logo/int_advertising_002__cp77_logo_back.glb
assets/cyberpunk2078/interactive/apparel/int_apparel_001__braindance_headset_fpp/int_apparel_001__braindance_headset_fpp_diode_small_r.glb
assets/cyberpunk2078/interactive/apparel/int_apparel_001__braindance_headset_fpp/int_apparel_001__braindance_headset_fpp.glb
assets/cyberpunk2078/interactive/apparel/int_apparel_001__braindance_headset_fpp/int_apparel_001__braindance_headset_fpp_lights_r.glb
assets/cyberpunk2078/interactive/apparel/int_apparel_001__braindance_headset_fpp/int_apparel_001__braindance_headset_fpp_diode_triangle_l.glb
assets/cyberpunk2078/interactive/apparel/int_apparel_001__braindance_headset_fpp/int_apparel_001__braindance_headset_fpp_diode_triangle_r.glb
assets/cyberpunk2078/interactive/apparel/int_apparel_001__braindance_headset_fpp/int_apparel_001__braindance_headset_fpp_decal_01.glb
assets/cyberpunk2078/interactive/apparel/int_apparel_001__braindance_headset_fpp/int_apparel_001__braindance_headset_fpp_diode_small_l.glb
assets/cyberpunk2078/interactive/apparel/int_apparel_001__braindance_headset_fpp/int_apparel_001__braindance_headset_fpp_diode_big_r.glb
assets/cyberpunk2078/interactive/apparel/int_apparel_001__braindance_headset_fpp/int_apparel_001__braindance_headset_fpp_diode_big_l.glb
assets/cyberpunk2078/interactive/apparel/int_apparel_001__braindance_headset_fpp/int_apparel_001__braindance_headset_fpp_lights_l.glb
assets/cyberpunk2078/interactive/apparel/int_apparel_001__braindance_headset/int_apparel_001__braindance_headset.glb
assets/cyberpunk2078/interactive/apparel/int_apparel_002__silverhand_glasses/int_apparel_002__silverhand_glasses.glb
assets/cyberpunk2078/interactive/apparel/int_apparel_002__eyelash/int_apparel_002__eyelash.glb
assets/cyberpunk2078/interactive/apparel/int_apparel_002__aviators/int_apparel_002__aviators.glb
assets/cyberpunk2078/interactive/apparel/int_apparel_002_h0_001_ma_specs__silverhand/int_apparel_002__h0_001_ma_specs__silverhand.glb
assets/cyberpunk2078/interactive/apparel/int_apparel_002__umbrella_small/int_apparel_002__umbrella_small.glb
assets/cyberpunk2078/interactive/apparel/int_apparel_002_umbrella_multi/int_apparel_002__umbrella_multi.glb
assets/cyberpunk2078/interactive/apparel/int_apparel_001__lighter_a/int_apparel_001__lighter_a.glb
assets/cyberpunk2078/light_crowd_items/popcorn_prop_a/popcorn_prop_a.glb
assets/cyberpunk2078/tools/t_002__cyberdeck/t_002__cyberdeck.glb
assets/cyberpunk2078/tools/t_001__drill_machine/t_001__drill_machine_screen_pp.glb
assets/cyberpunk2078/tools/t_001__drill_machine/t_001__drill_machine_screen.glb
assets/cyberpunk2078/tools/t_001__drill_machine/t_001__drill_machine_screen_backside.glb
assets/cyberpunk2078/tools/t_003__smart_link/t_003__smart_link.glb
./assets/food/eggplant.glb
./assets/food/mincemeat-pie.glb
./assets/food/plate-deep.glb
./assets/food/shaker-pepper.glb
./assets/food/celery-stick.glb
./assets/food/grapes.glb
./assets/food/apple.glb
./assets/food/chocolate.glb
./assets/food/carton.glb
./assets/food/avocado.glb
./assets/food/meat-tenderizer.glb
./assets/food/cookie-chocolate.glb
./assets/food/cake.glb
./assets/food/ice-cream.glb
./assets/food/cooking-knife.glb
./assets/food/styrofoam.glb
./assets/food/maki-salmon.glb
./assets/food/onion.glb
./assets/food/sushi-salmon.glb
./assets/food/frappe.glb
./assets/food/pot-stew-lid.glb
./assets/food/egg-cooked.glb
./assets/food/bowl-broth.glb
./assets/food/lemon.glb
./assets/food/styrofoam-dinner.glb
./assets/food/ice-cream-scoop-chocolate.glb
./assets/food/banana.glb
./assets/food/bag.glb
./assets/food/chocolate-wrapper.glb
./assets/food/ginger-bread.glb
./assets/food/turkey.glb
./assets/food/ice-cream-cup.glb
./assets/food/pizza-box.glb
./assets/food/croissant.glb
./assets/food/utensil-fork.glb
./assets/food/beet.glb
./assets/food/pepper.glb
./assets/food/meat-ribs.glb
./assets/food/popsicle-stick.glb
./assets/food/wine-red.glb
./assets/food/egg-half.glb
./assets/food/bag-flat.glb
./assets/food/bottle-oil.glb
./assets/food/pizza.glb
./assets/food/hot-dog.glb
./assets/food/meat-sausage.glb
./assets/food/bowl-soup.glb
./assets/food/taco.glb
./assets/food/plate-dinner.glb
./assets/food/meat-cooked.glb
./assets/food/popsicle.glb
./assets/food/steamer.glb
./assets/food/corn-dog.glb
./assets/food/bacon.glb
./assets/food/glass-wine.glb
./assets/food/onion-half.glb
./assets/food/orange.glb
./assets/food/soda-bottle.glb
./assets/food/waffle.glb
./assets/food/advocado-half.glb
./assets/food/egg.glb
./assets/food/pumpkin.glb
./assets/food/paprika-slice.glb
./assets/food/bowl.glb
./assets/food/pumpkin-basic.glb
./assets/food/loaf-baguette.glb
./assets/food/hot-dog-raw.glb
./assets/food/meat-raw.glb
./assets/food/loaf-round.glb
./assets/food/cookie.glb
./assets/food/candy-bar-wrapper.glb
./assets/food/honey.glb
./assets/food/fish-bones.glb
./assets/food/burger-double.glb
./assets/food/burger.glb
./assets/food/bowl-cereal.glb
./assets/food/cheese-slicer.glb
./assets/food/whipped-cream.glb
./assets/food/plate-rectangle.glb
./assets/food/frikandel-speciaal.glb
./assets/food/apple-half.glb
./assets/food/donut.glb
./assets/food/pepper-mill.glb
./assets/food/muffin.glb
./assets/food/soda-glass.glb
./assets/food/pancakes.glb
./assets/food/burger-cheese.glb
./assets/food/cocktail.glb
./assets/food/wholer-ham.glb
./assets/food/cooking-fork.glb
./assets/food/cup-tea.glb
./assets/food/sushi-egg.glb
./assets/food/rice-ball.glb
./assets/food/pudding.glb
./assets/food/pot-stew.glb
./assets/food/bacon-raw.glb
./assets/food/mug.glb
./assets/food/tajine.glb
./assets/food/coconut.glb
./assets/food/donut-sprinkles.glb
./assets/food/ice-cream-cne.glb
./assets/food/cutting-board.glb
./assets/food/cup.glb
./assets/food/pizza-cutter.glb
./assets/food/cooking-spoon.glb
./assets/food/pie.glb
./assets/food/pot.glb
./assets/food/cupcake.glb
./assets/food/carrot.glb
./assets/food/can-open.glb
./assets/food/rollingPin.glb
./assets/food/soda-can-crushed.glb
./assets/food/pan.glb
./assets/food/carton-small.glb
./assets/food/broccoli.glb
./assets/food/cutting-board-round.glb
./assets/food/cake-birthday.glb
./assets/food/pineapple.glb
./assets/food/pan-stew.glb
./assets/food/sausage.glb
./assets/food/mortar-pestle.glb
./assets/food/ginger-bread-cutter.glb
./assets/food/cake-slicer.glb
./assets/food/peanut-butter.glb
./assets/food/whisk.glb
./assets/food/tomato.glb
./assets/food/sub.glb
./assets/food/strawberry.glb
./assets/food/skewer.glb
./assets/food/mushroom.glb
./assets/food/bottle-musterd.glb
./assets/food/chopstick.glb
./assets/food/frying-pan.glb
./assets/food/soda-can.glb
./assets/food/watermelon.glb
./assets/food/utensil-spoon.glb
./assets/food/maki-roe.glb
./assets/food/loaf.glb
./assets/food/wine-white.glb
./assets/food/cutting-board-japanese.glb
./assets/food/whole-ham.glb
./assets/food/frying-pan-lid.glb
./assets/food/leek.glb
./assets/food/knife-block.glb
./assets/food/cherries.glb
./assets/food/egg-cup.glb
./assets/food/cauliflower.glb
./assets/food/barrel.glb
./assets/food/sandwich.glb
./assets/food/sausage-half.glb
./assets/food/mussel-open.glb
./assets/food/plate.glb
./assets/food/chinese.glb
./assets/food/can.glb
./assets/food/lollypop.glb
./assets/food/fish.glb
./assets/food/can-small.glb
./assets/food/popsicle-chocolate.glb
./assets/food/sundae.glb
./assets/food/pear.glb
./assets/food/lemon-half.glb
./assets/food/coconut-half.glb
./assets/food/dim-sum.glb
./assets/food/cheese-cut.glb
./assets/food/plate-sauerkraut.glb
./assets/food/corn.glb
./assets/food/meat-patty.glb
./assets/food/cooking-spatula.glb
./assets/food/cup-saucer.glb
./assets/food/cheese.glb
./assets/food/donut-chocolate.glb
./assets/food/bread.glb
./assets/food/tajine-lid.glb
./assets/food/burger-cheese-double.glb
./assets/food/shaker-salt.glb
./assets/food/utensil-knife.glb
./assets/food/fries-empty.glb
./assets/food/radish.glb
./assets/food/cabbage.glb
./assets/food/paprika.glb
./assets/food/bottle-ketchup.glb
./assets/food/pear-half.glb
./assets/food/fries.glb
./assets/food/tomato-slice.glb
./assets/food/pot-lid.glb
./assets/food/maki-vegetable.glb
./assets/food/cup-coffee.glb
./assets/food/ice-cream-scoop-mint.glb
./assets/food/soda.glb
./assets/food/cooking-knife-chopping.glb
./assets/food/mushroom-half.glb
./assets/food/salad.glb
./assets/food/mortar.glb
./assets/food/candy-bar.glb
./assets/food/skewer-vegetables.glb
./assets/food/mussel.glb
./assets/food/glass.glb
./assets/food/plate-broken.glb
./assets/food/chopstic-decorative.glb
./assets/food/soy.glb
./assets/cyberpunk/sofa_couch.glb
./assets/furnitures/hoodModern.glb
./assets/furnitures/doorway.glb
./assets/furnitures/plantSmall3.glb
./assets/furnitures/toiletSquare.glb
./assets/furnitures/floorCorner.glb
./assets/furnitures/benchCushion.glb
./assets/furnitures/ceilingFan.glb
./assets/furnitures/washerDryerStacked.glb
./assets/furnitures/kitchenFridgeLarge.glb
./assets/furnitures/loungeSofaLong.glb
./assets/furnitures/stoolBar.glb
./assets/furnitures/televisionVintage.glb
./assets/furnitures/bedDouble.glb
./assets/furnitures/books.glb
./assets/furnitures/floorCornerRound.glb
./assets/furnitures/toilet.glb
./assets/furnitures/toaster.glb
./assets/furnitures/cabinetBedDrawer.glb
./assets/furnitures/trashcan.glb
./assets/furnitures/tableCoffeeGlass.glb
./assets/furnitures/laptop.glb
./assets/furnitures/stairsCorner.glb
./assets/furnitures/chairRounded.glb
./assets/furnitures/kitchenStoveElectric.glb
./assets/furnitures/lampSquareCeiling.glb
./assets/furnitures/kitchenStove.glb
./assets/furnitures/tableCoffeeGlassSquare.glb
./assets/furnitures/coatRackStanding.glb
./assets/furnitures/stairs.glb
./assets/furnitures/desk.glb
./assets/furnitures/floorHalf.glb
./assets/furnitures/kitchenCabinetDrawer.glb
./assets/furnitures/cabinetBedDrawerTable.glb
./assets/furnitures/bookcaseOpen.glb
./assets/furnitures/shower.glb
./assets/furnitures/rugSquare.glb
./assets/furnitures/bathtub.glb
./assets/furnitures/cabinetTelevision.glb
./assets/furnitures/pillowLong.glb
./assets/furnitures/kitchenCabinetUpper.glb
./assets/furnitures/wallCornerRond.glb
./assets/furnitures/chairCushion.glb
./assets/furnitures/kitchenFridgeBuiltIn.glb
./assets/furnitures/computerScreen.glb
./assets/furnitures/wallWindowSlide.glb
./assets/furnitures/deskCorner.glb
./assets/furnitures/televisionModern.glb
./assets/furnitures/bathroomSinkSquare.glb
./assets/furnitures/rugDoormat.glb
./assets/furnitures/kitchenBarEnd.glb
./assets/furnitures/stoolBarSquare.glb
./assets/furnitures/rugRounded.glb
./assets/furnitures/televisionAntenna.glb
./assets/furnitures/stairsOpenSingle.glb
./assets/furnitures/doorwayOpen.glb
./assets/furnitures/sideTableDrawers.glb
./assets/furnitures/kitchenSink.glb
./assets/furnitures/tableCoffee.glb
./assets/furnitures/lampWall.glb
./assets/furnitures/kitchenCabinetUpperLow.glb
./assets/furnitures/chairModernFrameCushion.glb
./assets/furnitures/kitchenMicrowave.glb
./assets/furnitures/bathroomMirror.glb
./assets/furnitures/loungeChairRelax.glb
./assets/furnitures/kitchenCabinetUpperCorner.glb
./assets/furnitures/computerMouse.glb
./assets/furnitures/plantSmall2.glb
./assets/furnitures/tableRound.glb
./assets/furnitures/wallWindow.glb
./assets/furnitures/paneling.glb
./assets/furnitures/bookcaseClosedWide.glb
./assets/furnitures/wallDoorwayWide.glb
./assets/furnitures/chairDesk.glb
./assets/furnitures/doorwayFront.glb
./assets/furnitures/kitchenCoffeeMachine.glb
./assets/furnitures/kitchenCabinetUpperDouble.glb
./assets/furnitures/rugRectangle.glb
./assets/furnitures/tableCrossCloth.glb
./assets/furnitures/kitchenCabinetCornerRound.glb
./assets/furnitures/pillow.glb
./assets/furnitures/rugRound.glb
./assets/furnitures/computerKeyboard.glb
./assets/furnitures/floorFull.glb
./assets/furnitures/wall.glb
./assets/furnitures/cabinetBed.glb
./assets/furnitures/pillowBlue.glb
./assets/furnitures/kitchenCabinet.glb
./assets/furnitures/bear.glb
./assets/furnitures/bathroomSink.glb
./assets/furnitures/showerRound.glb
./assets/furnitures/bookcaseClosed.glb
./assets/furnitures/kitchenBlender.glb
./assets/furnitures/loungeSofaOttoman.glb
./assets/furnitures/loungeChair.glb
./assets/furnitures/table.glb
./assets/furnitures/wallDoorway.glb
./assets/furnitures/chairModernCushion.glb
./assets/furnitures/stairsOpen.glb
./assets/furnitures/kitchenFridgeSmall.glb
./assets/furnitures/tableCross.glb
./assets/furnitures/dryer.glb
./assets/furnitures/bookcaseOpenLow.glb
./assets/furnitures/hoodLarge.glb
./assets/furnitures/loungeDesignSofaCorner.glb
./assets/furnitures/pottedPlant.glb
./assets/furnitures/speakerSmall.glb
./assets/furnitures/loungeSofaCorner.glb
./assets/furnitures/tableCloth.glb
./assets/furnitures/benchCushionLow.glb
./assets/furnitures/kitchenCabinetCornerInner.glb
./assets/furnitures/bathroomCabinetDrawer.glb
./assets/furnitures/bench.glb
./assets/furnitures/radio.glb
./assets/furnitures/speaker.glb
./assets/furnitures/coatRack.glb
./assets/furnitures/wallCorner.glb
./assets/furnitures/cabinetTelevisionDoors.glb
./assets/furnitures/tableCoffeeSquare.glb
./assets/furnitures/loungeDesignChair.glb
./assets/furnitures/kitchenFridge.glb
./assets/furnitures/lampRoundFloor.glb
./assets/furnitures/lampSquareTable.glb
./assets/furnitures/bathroomCabinet.glb
./assets/furnitures/bedBunk.glb
./assets/furnitures/cardboardBoxClosed.glb
./assets/furnitures/bookcaseClosedDoors.glb
./assets/furnitures/bedSingle.glb
./assets/furnitures/pillowBlueLong.glb
./assets/furnitures/washer.glb
./assets/furnitures/chair.glb
./assets/furnitures/plantSmall1.glb
./assets/furnitures/kitchenBar.glb
./assets/furnitures/cardboardBoxOpen.glb
./assets/furnitures/sideTable.glb
./assets/furnitures/wallHalf.glb
./assets/furnitures/lampRoundTable.glb
./assets/furnitures/loungeDesignSofa.glb
./assets/furnitures/tableGlass.glb
./assets/furnitures/loungeSofa.glb
./assets/furnitures/lampSquareFloor.glb
./assets/urban/wall-b-roof-slant.glb
./assets/urban/detail-bricks-type-a.glb
./assets/urban/detail-awning-small.glb
./assets/urban/wall-c-flat-low.glb
./assets/urban/wall-a-roof.glb
./assets/urban/road-dirt-corner.glb
./assets/urban/wall-a-door.glb
./assets/urban/tree-park-large.glb
./assets/urban/detail-light-double.glb
./assets/urban/wall-b-roof-slant-detailed.glb
./assets/urban/road-asphalt-center.glb
./assets/urban/wall-a-roof-slant.glb
./assets/urban/road-asphalt-corner-outer.glb
./assets/urban/door-type-b.glb
./assets/urban/roof-metal-type-b.glb
./assets/urban/balcony-ladder-bottom.glb
./assets/urban/wall-b-diagonal.glb
./assets/urban/detail-barrier-strong-type-b.glb
./assets/urban/pallet.glb
./assets/urban/pallet-small.glb
./assets/urban/wall-a-column-painted.glb
./assets/urban/door-type-a.glb
./assets/urban/detail-light-traffic.glb
./assets/urban/balcony-type-a.glb
./assets/urban/planks.glb
./assets/urban/tree-small.glb
./assets/urban/detail-beam.glb
./assets/urban/roof-metal-poles.glb
./assets/urban/wall-b-flat-garage.glb
./assets/urban/cliff-corner.glb
./assets/urban/truck-grey-cargo.glb
./assets/urban/window-wide-type-c.glb
./assets/urban/wall-a-corner-painted.glb
./assets/urban/road-dirt-tile.glb
./assets/urban/detail-barrier-strong-type-a.glb
./assets/urban/road-asphalt-pavement.glb
./assets/urban/road-asphalt-corner-inner.glb
./assets/urban/wall-a-open.glb
./assets/urban/wall-broken-type-b.glb
./assets/urban/wall-b.glb
./assets/urban/scaffolding-poles.glb
./assets/urban/wall-b-flat.glb
./assets/urban/wall-b-flat-window.glb
./assets/urban/grass-hill.glb
./assets/urban/scaffolding-floor.glb
./assets/urban/wall-a-garage.glb
./assets/urban/wall-type-b.glb
./assets/urban/wall-a-painted-diagonal.glb
./assets/urban/wall-b-open.glb
./assets/urban/truck-grey.glb
./assets/urban/balcony-ladder-top.glb
./assets/urban/road-dirt-corner-outer.glb
./assets/urban/wall-b-low.glb
./assets/urban/window-small-type-a.glb
./assets/urban/detail-block.glb
./assets/urban/wall-b-garage.glb
./assets/urban/cliff-side.glb
./assets/urban/wall-b-roof-detailed.glb
./assets/urban/wall-a-detail.glb
./assets/urban/truck-green.glb
./assets/urban/wall-b-detail-painted.glb
./assets/urban/road-dirt-corner-inner.glb
./assets/urban/wall-a-flat-window.glb
./assets/urban/grass-corner.glb
./assets/urban/grass.glb
./assets/urban/wall-a-corner.glb
./assets/urban/window-wide-type-a.glb
./assets/urban/wall-a-detail-painted.glb
./assets/urban/wall-a.glb
./assets/urban/detail-light-single.glb
./assets/urban/wall-a-flat-garage.glb
./assets/urban/scaffolding-structure.glb
./assets/urban/truck-green-cargo.glb
./assets/urban/detail-awning-wide.glb
./assets/urban/detail-barrier-strong-damaged.glb
./assets/urban/grass-corner-inner.glb
./assets/urban/wall-a-painted.glb
./assets/urban/wall-a-flat.glb
./assets/urban/wall-c-flat.glb
./assets/urban/detail-barrier-type-b.glb
./assets/urban/detail-cables-type-a.glb
./assets/urban/wall-a-column.glb
./assets/urban/road-asphalt-straight.glb
./assets/urban/road-asphalt-corner.glb
./assets/urban/road-asphalt-side.glb
./assets/urban/truck-flat.glb
./assets/urban/wall-steps-type-a.glb
./assets/urban/road-dirt-pavement.glb
./assets/urban/detail-bricks-type-b.glb
./assets/urban/window-wide-type-b.glb
./assets/urban/wall-b-column.glb
./assets/urban/wall-a-low-painted.glb
./assets/urban/wall-a-window.glb
./assets/urban/wall-b-corner.glb
./assets/urban/wall-b-door.glb
./assets/urban/wall-steps-type-b.glb
./assets/urban/window-wide-type-d.glb
./assets/urban/detail-bench.glb
./assets/urban/tree-large.glb
./assets/urban/wall-fence.glb
./assets/urban/tree-park-pine-large.glb
./assets/urban/detail-dumpster-closed.glb
./assets/urban/wall-b-window.glb
./assets/urban/wall-b-roof.glb
./assets/urban/wall-a-low.glb
./assets/urban/tree-pine-small.glb
./assets/urban/wall-a-roof-slant-detailed.glb
./assets/urban/wall-a-roof-detailed.glb
./assets/urban/wall-a-flat-painted.glb
./assets/urban/road-dirt-straight.glb
./assets/urban/wall-type-a.glb
./assets/urban/wall-a-diagonal.glb
./assets/urban/tree-shrub.glb
./assets/urban/roof-metal-type-a.glb
./assets/urban/road-asphalt-damaged.glb
./assets/urban/detail-barrier-type-a.glb
./assets/urban/detail-dumpster-open.glb
./assets/urban/wall-broken-type-a.glb
./assets/urban/tree-pine-large.glb
./assets/urban/road-dirt-side.glb
./assets/urban/road-dirt-damaged.glb
./assets/urban/window-small-type-b.glb
./assets/urban/road-dirt-center.glb
./assets/urban/detail-cables-type-b.glb
./assets/arcade/ticket-machine.glb
./assets/arcade/wall-window.glb
./assets/arcade/character-employee.glb
./assets/arcade/prizes.glb
./assets/arcade/pinball.glb
./assets/arcade/claw-machine.glb
./assets/arcade/vending-machine.glb
./assets/arcade/wall-door-rotate.glb
./assets/arcade/wall.glb
./assets/arcade/prize-wheel.glb
./assets/arcade/floor.glb
./assets/arcade/column.glb
./assets/arcade/dance-machine.glb
./assets/arcade/basketball-game.glb
./assets/arcade/character-gamer.glb
./assets/arcade/arcade-machine.glb
./assets/arcade/cash-register.glb
./assets/arcade/air-hockey.glb
./assets/arcade/wall-corner.glb
./assets/arcade/gambling-machine.glb